file_Id,product_Code,color,file_src,,,
1,AFW1,black,product/accessories/footwear/Patent Leather Heel Sandals/colors option/black/ppzvq_512.webp,,,
2,AFW1,black,product/accessories/footwear/Patent Leather Heel Sandals/colors option/black/main.jpeg,,,
3,AFW1,black,product/accessories/footwear/Patent Leather Heel Sandals/colors option/black/5.jpeg,,,
4,AFW1,black,product/accessories/footwear/Patent Leather Heel Sandals/colors option/black/1.jpeg,,,
5,AFW1,peach,product/accessories/footwear/Patent Leather Heel Sandals/colors option/peach/tggz6_512.webp,,,
6,AFW1,peach,product/accessories/footwear/Patent Leather Heel Sandals/colors option/peach/6.jpeg,,,
7,AFW1,peach,product/accessories/footwear/Patent Leather Heel Sandals/colors option/peach/8.jpeg,,,
8,AFW1,peach,product/accessories/footwear/Patent Leather Heel Sandals/colors option/peach/9.jpeg,,,
9,AGP1,,product/accessories/general products/Four Sided Folding Mirror/GPW0001-Four-Sided-Folding-Mirror.jpeg,,,
10,AHB2,white,product/accessories/handbags/Beautiful Sling Bags for women and girls/colors option/white/main.webp,,,
11,AHB2,white,product/accessories/handbags/Beautiful Sling Bags for women and girls/colors option/white/k694a_512.jpg,,,
12,AHB2,white,product/accessories/handbags/Beautiful Sling Bags for women and girls/colors option/white/k694a_512.webp,,,
13,AHB2,white,product/accessories/handbags/Beautiful Sling Bags for women and girls/colors option/white/oab3c_512.webp,,,
14,AHB2,white,product/accessories/handbags/Beautiful Sling Bags for women and girls/colors option/white/ziynu_512.webp,,,
15,AHB1,brown,product/accessories/handbags/Graceful Stylish Slingbags Luxury High Quality PU Leather Women Shoulder Bag/colors option/brown/main.webp,,,
16,AHB1,brown,product/accessories/handbags/Graceful Stylish Slingbags Luxury High Quality PU Leather Women Shoulder Bag/colors option/brown/4k6ng_512.webp,,,
17,AHB1,brown,product/accessories/handbags/Graceful Stylish Slingbags Luxury High Quality PU Leather Women Shoulder Bag/colors option/brown/yslju_512.webp,,,
18,AHB1,brown,product/accessories/handbags/Graceful Stylish Slingbags Luxury High Quality PU Leather Women Shoulder Bag/colors option/brown/yslju_512.webp,,,
19,AHB1,green,product/accessories/handbags/Graceful Stylish Slingbags Luxury High Quality PU Leather Women Shoulder Bag/colors option/green/main.webp,,,
20,AHB1,green,product/accessories/handbags/Graceful Stylish Slingbags Luxury High Quality PU Leather Women Shoulder Bag/colors option/green/fdioq_512.webp,,,
21,AHB1,green,product/accessories/handbags/Graceful Stylish Slingbags Luxury High Quality PU Leather Women Shoulder Bag/colors option/green/r5zjb_512.webp,,,
22,AHB1,green,product/accessories/handbags/Graceful Stylish Slingbags Luxury High Quality PU Leather Women Shoulder Bag/colors option/green/kfphe_512.webp,,,
23,AHB1,grey,product/accessories/handbags/Graceful Stylish Slingbags Luxury High Quality PU Leather Women Shoulder Bag/colors option/grey/main.webp,,,
24,AHB1,grey,product/accessories/handbags/Graceful Stylish Slingbags Luxury High Quality PU Leather Women Shoulder Bag/colors option/grey/f0rmd_512.webp,,,
25,AHB1,grey,product/accessories/handbags/Graceful Stylish Slingbags Luxury High Quality PU Leather Women Shoulder Bag/colors option/grey/edezo_512.webp,,,
26,AHB1,grey,product/accessories/handbags/Graceful Stylish Slingbags Luxury High Quality PU Leather Women Shoulder Bag/colors option/grey/nrl0h_512.webp,,,
27,AHB1,light green,product/accessories/handbags/Graceful Stylish Slingbags Luxury High Quality PU Leather Women Shoulder Bag/colors option/light green/main.png,,,
28,AHB1,light green,product/accessories/handbags/Graceful Stylish Slingbags Luxury High Quality PU Leather Women Shoulder Bag/colors option/light green/main.webp,,,
29,AHB1,light green,product/accessories/handbags/Graceful Stylish Slingbags Luxury High Quality PU Leather Women Shoulder Bag/colors option/light green/obrh1_512.webp,,,
30,AHB1,light green,product/accessories/handbags/Graceful Stylish Slingbags Luxury High Quality PU Leather Women Shoulder Bag/colors option/light green/obrh1_512.webp,,,
31,AHB1,light green,product/accessories/handbags/Graceful Stylish Slingbags Luxury High Quality PU Leather Women Shoulder Bag/colors option/light green/psnnb_512.webp,,,
32,AHB1,maroon,product/accessories/handbags/Graceful Stylish Slingbags Luxury High Quality PU Leather Women Shoulder Bag/colors option/maroon/main.webp,,,
33,AHB1,maroon,product/accessories/handbags/Graceful Stylish Slingbags Luxury High Quality PU Leather Women Shoulder Bag/colors option/maroon/ghmr2_512.webp,,,
34,AHB1,maroon,product/accessories/handbags/Graceful Stylish Slingbags Luxury High Quality PU Leather Women Shoulder Bag/colors option/maroon/pui1x_512.webp,,,
35,AHB1,maroon,product/accessories/handbags/Graceful Stylish Slingbags Luxury High Quality PU Leather Women Shoulder Bag/colors option/maroon/9u0bp_512.webp,,,
36,AHB1,peach,product/accessories/handbags/Graceful Stylish Slingbags Luxury High Quality PU Leather Women Shoulder Bag/colors option/peach/main.webp,,,
37,AHB1,peach,product/accessories/handbags/Graceful Stylish Slingbags Luxury High Quality PU Leather Women Shoulder Bag/colors option/peach/k1jjo_512.webp,,,
38,AHB1,peach,product/accessories/handbags/Graceful Stylish Slingbags Luxury High Quality PU Leather Women Shoulder Bag/colors option/peach/ngtst_512.webp,,,
39,AHB1,peach,product/accessories/handbags/Graceful Stylish Slingbags Luxury High Quality PU Leather Women Shoulder Bag/colors option/peach/67oxj_512.webp,,,
40,AHB1,pink,product/accessories/handbags/Graceful Stylish Slingbags Luxury High Quality PU Leather Women Shoulder Bag/colors option/pink/main.webp,,,
41,AHB1,pink,product/accessories/handbags/Graceful Stylish Slingbags Luxury High Quality PU Leather Women Shoulder Bag/colors option/pink/xpkct_512.webp,,,
42,AHB1,pink,product/accessories/handbags/Graceful Stylish Slingbags Luxury High Quality PU Leather Women Shoulder Bag/colors option/pink/xxbyj_512.webp,,,
43,AHB1,pink,product/accessories/handbags/Graceful Stylish Slingbags Luxury High Quality PU Leather Women Shoulder Bag/colors option/pink/ykwjo_512.webp,,,
44,AHB1,sky blue,product/accessories/handbags/Graceful Stylish Slingbags Luxury High Quality PU Leather Women Shoulder Bag/colors option/sky blue/main.webp,,,
45,AHB1,sky blue,product/accessories/handbags/Graceful Stylish Slingbags Luxury High Quality PU Leather Women Shoulder Bag/colors option/sky blue/9i7tk_512.webp,,,
46,AHB1,sky blue,product/accessories/handbags/Graceful Stylish Slingbags Luxury High Quality PU Leather Women Shoulder Bag/colors option/sky blue/xj49l_512.webp,,,
47,AHB1,sky blue,product/accessories/handbags/Graceful Stylish Slingbags Luxury High Quality PU Leather Women Shoulder Bag/colors option/sky blue/wtkgg_512.webp,,,
48,AHB1,white,product/accessories/handbags/Graceful Stylish Slingbags Luxury High Quality PU Leather Women Shoulder Bag/colors option/white/main.webp,,,
49,AHB1,white,product/accessories/handbags/Graceful Stylish Slingbags Luxury High Quality PU Leather Women Shoulder Bag/colors option/white/uhps6_512.webp,,,
50,AHB1,white,product/accessories/handbags/Graceful Stylish Slingbags Luxury High Quality PU Leather Women Shoulder Bag/colors option/white/cchv4_512.webp,,,
51,AHB1,white,product/accessories/handbags/Graceful Stylish Slingbags Luxury High Quality PU Leather Women Shoulder Bag/colors option/white/58ux3_512.webp,,,
52,ABAHHC1,,product/beauty and health/health care/Earpick-Cleaner-Tool-Set-Beauty-Mackup-Tool Catelog - 250207090729/Earpick-Cleaner-Tool-Set-Main.jpg,,,
53,ABAHHC1,,product/beauty and health/health care/Earpick-Cleaner-Tool-Set-Beauty-Mackup-Tool Catelog - 250207090729/Earpick-Cleaner-Tool-Set1-1678949024.jpg,,,
54,ABAHHC1,,product/beauty and health/health care/Earpick-Cleaner-Tool-Set-Beauty-Mackup-Tool Catelog - 250207090729/Earpick-Cleaner-Tool-Set2-1678949025.jpg,,,
55,ABAHHC1,,product/beauty and health/health care/Earpick-Cleaner-Tool-Set-Beauty-Mackup-Tool Catelog - 250207090729/Earpick-Cleaner-Tool-Set3-1678949025.jpg,,,
56,ABAHHC1,,product/beauty and health/health care/Earpick-Cleaner-Tool-Set-Beauty-Mackup-Tool Catelog - 250207090729/Earpick-Cleaner-Tool-Set5-1678949026.jpg,,,
57,ABAHHC1,,product/beauty and health/health care/Earpick-Cleaner-Tool-Set-Beauty-Mackup-Tool Catelog - 250207090729/Earpick-Cleaner-Tool-Set4-1678949025.jpg,,,
58,ABAHHC1,,product/beauty and health/health care/Earpick-Cleaner-Tool-Set-Beauty-Mackup-Tool Catelog - 250207090729/Earpick-cleaner.mp4,,,
59,HC6_2024,,product/beauty and health/health care/Electric Velvet heating bags for Pain Relief Personal Care/Electric-Velvet-heating-bags-f6-1678777060.jpg,,,
60,HC6_2024,,product/beauty and health/health care/Electric Velvet heating bags for Pain Relief Personal Care/Electric-Velvet-heating-bags-f2-1678777059.jpg,,,
61,HC6_2024,,product/beauty and health/health care/Electric Velvet heating bags for Pain Relief Personal Care/Electric-Velvet-heating-bags-f1-1678777059.jpg,,,
62,HC6_2024,,product/beauty and health/health care/Electric Velvet heating bags for Pain Relief Personal Care/Electric-Velvet-heating-bags-f3-1678777060.jpg,,,
63,HC6_2024,,product/beauty and health/health care/Electric Velvet heating bags for Pain Relief Personal Care/Electric-Velvet-heating-bags-f4-1678777060.jpg,,,
64,HC6_2024,,product/beauty and health/health care/Electric Velvet heating bags for Pain Relief Personal Care/Electric-Velvet-heating-bags-f5-1678777060.jpg,,,
65,HC6_2024,,product/beauty and health/health care/Electric Velvet heating bags for Pain Relief Personal Care/Electric-Velvet-heating-bags-for-Pain-Relief Catelog.mp4,,,
66,HC3_2024,,product/beauty and health/health care/Electric-Hot-Water-Bag-for-Pain-Relief Catelog - 250208125716/Electric-Hot-Water-Bag-for-Pai-1678772917 Main.jpg,,,
67,HC3_2024,,product/beauty and health/health care/Electric-Hot-Water-Bag-for-Pain-Relief Catelog - 250208125716/Electric-Hot-Water-Bag-for-Pai1-1678772917.jpg,,,
68,HC3_2024,,product/beauty and health/health care/Electric-Hot-Water-Bag-for-Pain-Relief Catelog - 250208125716/Electric-Hot-Water-Bag-for-Pai2-1678772917.jpg,,,
69,HC3_2024,,product/beauty and health/health care/Electric-Hot-Water-Bag-for-Pain-Relief Catelog - 250208125716/Electric-Hot-Water-Bag-for-Pai3-1678772918.jpg,,,
70,HC3_2024,,product/beauty and health/health care/Electric-Hot-Water-Bag-for-Pain-Relief Catelog - 250208125716/Electric-Hot-Water-Bag.mp4,,,
71,HC2_2024,,product/beauty and health/health care/Head-Massager-for-Pain-Relief Catelog - 250207112506/Head-Massager-for-Pain-Main.jpg,,,
72,HC2_2024,,product/beauty and health/health care/Head-Massager-for-Pain-Relief Catelog - 250207112506/Head-Massager-for-Pain-Relief1-1678773521.jpg,,,
73,HC2_2024,,product/beauty and health/health care/Head-Massager-for-Pain-Relief Catelog - 250207112506/Head-Massager-for-Pain-Relief3-1678773521.jpg,,,
74,HC2_2024,,product/beauty and health/health care/Head-Massager-for-Pain-Relief Catelog - 250207112506/Head-Massager-for-Pain-Relief4-1678773521.jpg,,,
75,HC2_2024,,product/beauty and health/health care/Head-Massager-for-Pain-Relief Catelog - 250207112506/Head-Massager-for-Pain-Relief5-1678773522.jpg,,,
76,HC2_2024,,product/beauty and health/health care/Head-Massager-for-Pain-Relief Catelog - 250207112506/Head-Massager-for-Pain-Relief6-1678773522.jpg,,,
77,HC2_2024,,product/beauty and health/health care/Head-Massager-for-Pain-Relief Catelog - 250207112506/Head-Massager-for-Pain-Relief7-1678773522.jpg,,,
78,HC2_2024,,product/beauty and health/health care/Head-Massager-for-Pain-Relief Catelog - 250207112506/Head-Massager-for-Pain-Relief8-1678773522.jpg,,,
79,HC3,,"product/beauty and health/health care/Relax Spin Tone Body Full Body Massager Electric Machine with 3 Massage Heads for Pain Relief and Relaxation, For Back, Leg & Foot/relax-spin-tone-body-full-body-m.webp",,,
80,HC3,,"product/beauty and health/health care/Relax Spin Tone Body Full Body Massager Electric Machine with 3 Massage Heads for Pain Relief and Relaxation, For Back, Leg & Foot/tm9zc_512.webp",,,
81,HC3,,"product/beauty and health/health care/Relax Spin Tone Body Full Body Massager Electric Machine with 3 Massage Heads for Pain Relief and Relaxation, For Back, Leg & Foot/cfigl_512.webp",,,
82,HC3,,"product/beauty and health/health care/Relax Spin Tone Body Full Body Massager Electric Machine with 3 Massage Heads for Pain Relief and Relaxation, For Back, Leg & Foot/efwxm_512.webp",,,
83,HC3,,"product/beauty and health/health care/Relax Spin Tone Body Full Body Massager Electric Machine with 3 Massage Heads for Pain Relief and Relaxation, For Back, Leg & Foot/gtysk_512.webp",,,
84,HC3,,"product/beauty and health/health care/Relax Spin Tone Body Full Body Massager Electric Machine with 3 Massage Heads for Pain Relief and Relaxation, For Back, Leg & Foot/ufen4_512.webp",,,
85,MU2_2024,,product/beauty and health/makeup/7-in-1-cosmetics-bottle Catelog - 250208111013/7-in-1-cosmetics-bottle-1714370461 Main.jpg,,,
86,MU2_2024,,product/beauty and health/makeup/7-in-1-cosmetics-bottle Catelog - 250208111013/7-in-1-cosmetics-bottle1-1714370462.jpg,,,
87,MU2_2024,,product/beauty and health/makeup/7-in-1-cosmetics-bottle Catelog - 250208111013/7-in-1-cosmetics-bottle1-17143704623.jpg,,,
88,MU2_2024,,product/beauty and health/makeup/7-in-1-cosmetics-bottle Catelog - 250208111013/7-in-1-cosmetics-bottle2-1714370462.jpg,,,
89,MU2_2024,,product/beauty and health/makeup/7-in-1-cosmetics-bottle Catelog - 250208111013/7-in-1-cosmetics-bottle3-1714370462.jpg,,,
90,MU2_2024,,product/beauty and health/makeup/7-in-1-cosmetics-bottle Catelog - 250208111013/7-in-1-cosmetics-bottle4-1714370462.jpg,,,
91,MU2_2024,,product/beauty and health/makeup/7-in-1-cosmetics-bottle Catelog - 250208111013/7-in-1-cosmetics-bottle5-1714370463.jpg,,,
92,MU2_2024,,product/beauty and health/makeup/7-in-1-cosmetics-bottle Catelog - 250208111013/7-in-1-cosmetics-bottle5-1714370463.jpg,,,
93,MU2_2024,,product/beauty and health/makeup/7-in-1-cosmetics-bottle Catelog - 250208111013/7-in-1-cosmetics-bottle6-1714370463 (2).png,,,
94,MU2_2024,,product/beauty and health/makeup/7-in-1-cosmetics-bottle Catelog - 250208111013/7-in-1-cosmetics-bottle6-1714370463 (3).png,,,
95,MU2_2024,,product/beauty and health/makeup/7-in-1-cosmetics-bottle Catelog - 250208111013/7-in-1-cosmetics-bottle6-1714370463.jpg,,,
96,MU2_2024,,product/beauty and health/makeup/7-in-1-cosmetics-bottle Catelog - 250208111013/7-in-1-cosmetics-bottle6-1714370463.png,,,
97,Sk1,,product/beauty and health/skin care/3 In 1 Electric Face Massager/evsaz_512.webp,,,
98,Sk1,,product/beauty and health/skin care/3 In 1 Electric Face Massager/pgigs_512.webp,,,
99,Sk1,,product/beauty and health/skin care/3 In 1 Electric Face Massager/ds2ge_512.webp,,,
100,Sk1,,product/beauty and health/skin care/3 In 1 Electric Face Massager/ezvoo_512.webp,,,
101,Sk1,,product/beauty and health/skin care/3 In 1 Electric Face Massager/gwih6_512.webp,,,
102,Sk1,,product/beauty and health/skin care/3 In 1 Electric Face Massager/say6g_512.webp,,,
103,Sk1,,product/beauty and health/skin care/3 In 1 Electric Face Massager/tqnm8_512.webp,,,
104,Sk1,,product/beauty and health/skin care/3 In 1 Electric Face Massager/tsje3_512.webp,,,
105,SK2,,product/beauty and health/skin care/Matico Brightening & Whitening Vitamin C Face Serum/main.webp,,,
106,SK3,,product/beauty and health/skin care/Matico Brightening & Whitening Vitamin C Face Serum/jwp9y_512.webp,,,
107,SK4,,product/beauty and health/skin care/Matico Brightening & Whitening Vitamin C Face Serum/nixj4_512.webp,,,
108,SK5,,product/beauty and health/skin care/Matico Brightening & Whitening Vitamin C Face Serum/zrbi1_512.webp,,,
109,G1,golden,product/gifts/Artificial Red Rose 24K Gold Plated/colors option/golden/i6wbw_512.webp,,,
110,G1,golden,product/gifts/Artificial Red Rose 24K Gold Plated/colors option/golden/90svh_512.webp,,,
111,G1,golden,product/gifts/Artificial Red Rose 24K Gold Plated/colors option/golden/qhi41_512.webp,,,
112,G1,golden with no stand,product/gifts/Artificial Red Rose 24K Gold Plated/colors option/golden with no stand/brjjk_512.webp,,,
113,G1,golden with no stand,product/gifts/Artificial Red Rose 24K Gold Plated/colors option/golden with no stand/y0jtn_512.webp,,,
114,G1,red,product/gifts/Artificial Red Rose 24K Gold Plated/colors option/red/wk92y_512.webp,,,
115,G1,red,product/gifts/Artificial Red Rose 24K Gold Plated/colors option/red/anzmz_512.webp,,,
116,G1,red,product/gifts/Artificial Red Rose 24K Gold Plated/colors option/red/mgeh5_512.webp,,,
117,G1,red with no stand,product/gifts/Artificial Red Rose 24K Gold Plated/colors option/red with no stand/rvt1i_512.webp,,,
118,G1,red with no stand,product/gifts/Artificial Red Rose 24K Gold Plated/colors option/red with no stand/eknyj_512.webp,,,
119,HADU1,,product/home and kitchen/daily use/Foldable-Mini-Capsule-Umbrella Catelog - 250208021353/Foldable-Mini-Capsule-Umbrella-1720498695 Main.jpg,,,
120,HADU1,,product/home and kitchen/daily use/Foldable-Mini-Capsule-Umbrella Catelog - 250208021353/Foldable-Mini-Capsule-Umbrella-1720498695 Main.mp4,,,
121,HADU1,,product/home and kitchen/daily use/Foldable-Mini-Capsule-Umbrella Catelog - 250208021353/Foldable-Mini-Cute-and-Small-C1-1653911307.jpg,,,
122,HADU1,,product/home and kitchen/daily use/Foldable-Mini-Capsule-Umbrella Catelog - 250208021353/Foldable-Mini-Cute-and-Small-C2-1653911307.jpg,,,
123,HADU1,,product/home and kitchen/daily use/Foldable-Mini-Capsule-Umbrella Catelog - 250208021353/Foldable-Mini-Cute-and-Small-C4-1653911308.jpg,,,
124,HADU1,,product/home and kitchen/daily use/Foldable-Mini-Capsule-Umbrella Catelog - 250208021353/Foldable-Mini-Cute-and-Small-C5-1653911308.jpg,,,
125,HADU1,,product/home and kitchen/daily use/Foldable-Mini-Capsule-Umbrella Catelog - 250208021353/Foldable-Mini-Cute-and-Small-C6-1653911309.jpg,,,
126,HADU1,,product/home and kitchen/daily use/Foldable-Mini-Capsule-Umbrella Catelog - 250208021353/Foldable-Mini-Cute-and-Small-C7-1653911309.jpg,,,
127,KA1_2024,,product/home and kitchen/kitchen and appliances/Electric Capsule Cutter Grinder Machine Kitchenware/Electric-Capsule-Cutter-Grinde- Main.jpg,,,
128,KA1_2024,,product/home and kitchen/kitchen and appliances/Electric Capsule Cutter Grinder Machine Kitchenware/Electric-Capsule-Cutter-Grinde.mp4,,,
129,KA1_2024,,product/home and kitchen/kitchen and appliances/Electric Capsule Cutter Grinder Machine Kitchenware/Electric-Capsule-Cutter-Grinde1-1670055145.jpg,,,
130,KA1_2024,,product/home and kitchen/kitchen and appliances/Electric Capsule Cutter Grinder Machine Kitchenware/Electric-Capsule-Cutter-Grinde2-1670055145.jpg,,,
131,KA1_2024,,product/home and kitchen/kitchen and appliances/Electric Capsule Cutter Grinder Machine Kitchenware/Electric-Capsule-Cutter-Grinde3-1670055146.jpg,,,
132,KA1_2024,,product/home and kitchen/kitchen and appliances/Electric Capsule Cutter Grinder Machine Kitchenware/Electric-Capsule-Cutter-Grinde4-1670055146.jpg,,,
133,KA1_2024,,product/home and kitchen/kitchen and appliances/Electric Capsule Cutter Grinder Machine Kitchenware/Electric-Capsule-Cutter-Grinde5-1670055146.jpg,,,
134,KA1_2024,,product/home and kitchen/kitchen and appliances/Electric Capsule Cutter Grinder Machine Kitchenware/Electric-Capsule-Cutter-Grinde6-1670055146.jpg,,,
135,KGW1,red blue,product/kids/girl wear/Stylish Beautiful Printed Cotton Frock And Jacket Dresses/colors option/red/main.webp,,,
136,KGW1,red blue,product/kids/girl wear/Stylish Beautiful Printed Cotton Frock And Jacket Dresses/colors option/red/mxepw_512.webp,,,
137,KGW1,red blue,product/kids/girl wear/Stylish Beautiful Printed Cotton Frock And Jacket Dresses/colors option/red/0b3vc_512.webp,,,
138,KGW1,red blue,product/kids/girl wear/Stylish Beautiful Printed Cotton Frock And Jacket Dresses/colors option/red/pvcga_512.webp,,,
139,KGW2,multicolor brown,product/kids/girl wear/Stylish Partywear Multicolor Cotton Girls Frocks & Dresses/colors option/brown/g3gkk_512.webp,,,
140,KGW2,multicolor brown,product/kids/girl wear/Stylish Partywear Multicolor Cotton Girls Frocks & Dresses/colors option/brown/8aa9e_512.webp,,,
141,KGW2,multicolor brown,product/kids/girl wear/Stylish Partywear Multicolor Cotton Girls Frocks & Dresses/colors option/brown/4bycf_512.webp,,,
142,MBW1,black,product/men/bottom wear/331 Jogger Trackpant/colors option/black/9q9it_512.webp,,,
143,MBW1,black,product/men/bottom wear/331 Jogger Trackpant/colors option/black/1k5up_512.webp,,,
144,MBW1,black,product/men/bottom wear/331 Jogger Trackpant/colors option/black/l0fja_512.webp,,,
145,MBW1,black,product/men/bottom wear/331 Jogger Trackpant/colors option/black/o7bgc_512.jpg,,,
146,MBW1,blue,product/men/bottom wear/331 Jogger Trackpant/colors option/blue/7urg4_512.jpg,,,
147,MBW1,blue,product/men/bottom wear/331 Jogger Trackpant/colors option/blue/7urg4_512.webp,,,
148,MBW1,blue,product/men/bottom wear/331 Jogger Trackpant/colors option/blue/9njjf_512.webp,,,
149,MBW1,blue,product/men/bottom wear/331 Jogger Trackpant/colors option/blue/gu1xf_512.webp,,,
150,MBW1,blue,product/men/bottom wear/331 Jogger Trackpant/colors option/blue/mv09r_512.webp,,,
151,MBW1,green khaki brown,product/men/bottom wear/331 Jogger Trackpant/colors option/green/fp8uk_512.webp,,,
152,MBW1,green khaki brown,product/men/bottom wear/331 Jogger Trackpant/colors option/green/khdov_512.webp,,,
153,MBW1,green khaki brown,product/men/bottom wear/331 Jogger Trackpant/colors option/green/oth2r_512.webp,,,
154,MBW1,green khaki brown,product/men/bottom wear/331 Jogger Trackpant/colors option/green/r2ptv_512.webp,,,
155,MBW1,red,product/men/bottom wear/331 Jogger Trackpant/colors option/red/xnsf1_512.webp,,,
156,MBW1,red,product/men/bottom wear/331 Jogger Trackpant/colors option/red/wesz8_512.webp,,,
157,MBW1,red,product/men/bottom wear/331 Jogger Trackpant/colors option/red/wesz8_512.webp,,,
158,MBW1,red,product/men/bottom wear/331 Jogger Trackpant/colors option/red/uh7w6_512.webp,,,
159,MBW1,red,product/men/bottom wear/331 Jogger Trackpant/colors option/red/xnsf1_512.webp,,,
160,MBW1,white,product/men/bottom wear/331 Jogger Trackpant/colors option/white/azp9v_512.webp,,,
161,MBW1,white,product/men/bottom wear/331 Jogger Trackpant/colors option/white/iz8wr_512.webp,,,
162,MBW1,white,product/men/bottom wear/331 Jogger Trackpant/colors option/white/kac3t_512.jpg,,,
163,MBW1,white,product/men/bottom wear/331 Jogger Trackpant/colors option/white/kac3t_512.webp,,,
164,MBW1,white,product/men/bottom wear/331 Jogger Trackpant/colors option/white/tggz6_512.png,,,
165,MBW1,white,product/men/bottom wear/331 Jogger Trackpant/colors option/white/y7dhd_512.webp,,,
166,MMAS1,,product/men/men accessories/sports shocks/SPORTS SOCKS FOR MEN 12 PAIR/colors option/2wzfz_512.webp,,,
167,MMAS1,,product/men/men accessories/sports shocks/SPORTS SOCKS FOR MEN 12 PAIR/colors option/8dabw_512.webp,,,
168,MMAS1,,"product/men/men accessories/sports shocks/SPORTS SOCKS FOR
 MEN 12 PAIR/colors option/20gjn_512.webp",,,
169,MMAS1,,product/men/men accessories/sports shocks/SPORTS SOCKS FOR MEN 12 PAIR/colors option/jdm1f_512.webp,,,
170,MTW1,black,product/men/top wear/Stylish Glamorous Men Shirts/colors option/black/5sg2j_512.jpg,MTW1,black,product/men/top wear/Stylish Glamorous Men Shirts/colors option/black/5sg2j_512.webp
171,MTW1,black,product/men/top wear/Stylish Glamorous Men Shirts/colors option/black/5u5wy_512.webp,,,
172,MTW1,black,product/men/top wear/Stylish Glamorous Men Shirts/colors option/black/f4ypd_512.webp,,,
173,MTW1,black,product/men/top wear/Stylish Glamorous Men Shirts/colors option/black/izqjo_512.webp,,,
174,WBW1,black,product/women/bottom wear/Anara Fashion Women Solid Bell Bottoms Black Trousers & Pants/colors option/black/rj4nc_512.webp,,,
175,WBW1,black,product/women/bottom wear/Anara Fashion Women Solid Bell Bottoms Black Trousers & Pants/colors option/black/7wtv6_512.webp,,,
176,WBW1,black,product/women/bottom wear/Anara Fashion Women Solid Bell Bottoms Black Trousers & Pants/colors option/black/de5it_512.webp,,,
177,WBW1,black,product/women/bottom wear/Anara Fashion Women Solid Bell Bottoms Black Trousers & Pants/colors option/black/wffuj_512.webp,,,
178,WEWKS1,black,product/women/ethnic wear/kurta sets/Pakistani Suit  Women Kurta Pair/colors option/black/main.png,,,
179,WEWKS1,black,product/women/ethnic wear/kurta sets/Pakistani Suit  Women Kurta Pair/colors option/black/2.png,,,
180,WEWKS1,black,product/women/ethnic wear/kurta sets/Pakistani Suit  Women Kurta Pair/colors option/black/3.png,,,
181,WEWKS1,blue,product/women/ethnic wear/kurta sets/Pakistani Suit  Women Kurta Pair/colors option/blue/main blue.png,,,
182,WEWKS1,blue,product/women/ethnic wear/kurta sets/Pakistani Suit  Women Kurta Pair/colors option/blue/3.png,,,
183,WEWKS1,blue,product/women/ethnic wear/kurta sets/Pakistani Suit  Women Kurta Pair/colors option/blue/1.png,,,
184,WEWKS1,blue,product/women/ethnic wear/kurta sets/Pakistani Suit  Women Kurta Pair/colors option/blue/2.png,,,
185,WEWKS1,blue,product/women/ethnic wear/kurta sets/Pakistani Suit  Women Kurta Pair/colors option/blue/4.png,,,
186,WEWKS1,green,product/women/ethnic wear/kurta sets/Pakistani Suit  Women Kurta Pair/colors option/green/main.png,,,
187,WEWKS1,green,product/women/ethnic wear/kurta sets/Pakistani Suit  Women Kurta Pair/colors option/green/2.png,,,
188,WEWKS1,green,product/women/ethnic wear/kurta sets/Pakistani Suit  Women Kurta Pair/colors option/green/3.png,,,
189,WEWKS1,sky blue,product/women/ethnic wear/kurta sets/Pakistani Suit  Women Kurta Pair/colors option/sky blue/main.png,,,
190,WEWKS1,violet,product/women/ethnic wear/kurta sets/Pakistani Suit  Women Kurta Pair/colors option/violet/main.png,,,
191,WEWKS1,violet,product/women/ethnic wear/kurta sets/Pakistani Suit  Women Kurta Pair/colors option/violet/2.png,,,
192,WEWKS1,violet,product/women/ethnic wear/kurta sets/Pakistani Suit  Women Kurta Pair/colors option/violet/3.png,,,
193,WEWKS1,violet,product/women/ethnic wear/kurta sets/Pakistani Suit  Women Kurta Pair/colors option/violet/4.png,,,
194,WEWKS1,mustard yellow,product/women/ethnic wear/kurta sets/Pakistani Suit  Women Kurta Pair/colors option/yellow/main.png,,,
195,WEWK2,maroon,product/women/ethnic wear/kurtis/Embroidery Gaithering Anarkali kurtis/colors option/maroon/spnia_512.webp,,,
196,WEWK2,maroon,product/women/ethnic wear/kurtis/Embroidery Gaithering Anarkali kurtis/colors option/maroon/9pbga_512.webp,,,
197,WEWK2,maroon,product/women/ethnic wear/kurtis/Embroidery Gaithering Anarkali kurtis/colors option/maroon/dtxxc_512.webp,,,
198,WEWK2,maroon,product/women/ethnic wear/kurtis/Embroidery Gaithering Anarkali kurtis/colors option/maroon/y0qgd_512.webp,,,
199,WEWK2,blue,product/women/ethnic wear/kurtis/Embroidery Gaithering Anarkali kurtis/colors option/blue/wvhur_512.webp,,,
200,WEWK2,green,product/women/ethnic wear/kurtis/Embroidery Gaithering Anarkali kurtis/colors option/green/xnqoo_512.webp,,,
201,WEWK2,red,product/women/ethnic wear/kurtis/Embroidery Gaithering Anarkali kurtis/colors option/red/47i0w_512.webp,,,
202,WEWK2,sky blue,product/women/ethnic wear/kurtis/Embroidery Gaithering Anarkali kurtis/colors option/sky blue/nh3gp_512.webp,,,
203,WEWK1,black,product/women/ethnic wear/kurtis/Women Straight Printed Kurti/colors option/black/main.webp,,,
204,WEWK1,black,product/women/ethnic wear/kurtis/Women Straight Printed Kurti/colors option/black/1.webp,,,
205,WEWK1,black,product/women/ethnic wear/kurtis/Women Straight Printed Kurti/colors option/black/2.webp,,,
206,WEWK1,black,product/women/ethnic wear/kurtis/Women Straight Printed Kurti/colors option/black/3.webp,,,
207,WEWK1,blue,product/women/ethnic wear/kurtis/Women Straight Printed Kurti/colors option/blue/main.webp,,,
208,WEWK1,green,product/women/ethnic wear/kurtis/Women Straight Printed Kurti/colors option/green/main.webp,,,
209,WEWK1,violet,product/women/ethnic wear/kurtis/Women Straight Printed Kurti/colors option/violet/main.webp,,,
210,WEWL3,Navy blue,product/women/ethnic wear/lahenga/Beautifull Embroidey Zari Work Lehenga For Women With Blouse Piece And Dupatta/colors option/cgp6r_512.webp,,,
211,WEWL3,Navy blue,product/women/ethnic wear/lahenga/Beautifull Embroidey Zari Work Lehenga For Women With Blouse Piece And Dupatta/colors option/4muet_512.webp,,,
212,WEWL3,Navy blue,product/women/ethnic wear/lahenga/Beautifull Embroidey Zari Work Lehenga For Women With Blouse Piece And Dupatta/colors option/na7nv_512.webp,,,
213,WEWL3,Navy blue,product/women/ethnic wear/lahenga/Beautifull Embroidey Zari Work Lehenga For Women With Blouse Piece And Dupatta/colors option/2bdm0_512.webp,,,
214,WEWL1,blue pink,product/women/ethnic wear/lahenga/Solid Semi Stitched Lehenga Choli/colors option/blue/Screenshot 2025-02-10 214459.png,,,
215,WEWL1,blue pink,product/women/ethnic wear/lahenga/Solid Semi Stitched Lehenga Choli/colors option/blue/Screenshot 2025-02-10 214521.png,,,
216,WEWL1,blue pink,product/women/ethnic wear/lahenga/Solid Semi Stitched Lehenga Choli/colors option/blue/Screenshot 2025-02-10 214538.png,,,
217,WEWL1,blue pink,product/women/ethnic wear/lahenga/Solid Semi Stitched Lehenga Choli/colors option/blue/Screenshot 2025-02-10 214552.png,,,
218,WEWL1,blue pink,product/women/ethnic wear/lahenga/Solid Semi Stitched Lehenga Choli/colors option/blue/Screenshot 2025-02-10 214610.png,,,
219,WEWL1,blue pink,product/women/ethnic wear/lahenga/Solid Semi Stitched Lehenga Choli/colors option/blue/Screenshot 2025-02-10 214626.png,,,
220,WEWL1,blue pink,product/women/ethnic wear/lahenga/Solid Semi Stitched Lehenga Choli/colors option/blue/Screenshot 2025-02-10 214700.png,,,
221,WEWL1,blue pink,product/women/ethnic wear/lahenga/Solid Semi Stitched Lehenga Choli/colors option/blue/Screenshot 2025-02-10 214644.png,,,
222,WEWL1,green maroon,product/women/ethnic wear/lahenga/Solid Semi Stitched Lehenga Choli/colors option/green/Screenshot 2025-02-10 214838.png,,,
223,WEWL1,green maroon,product/women/ethnic wear/lahenga/Solid Semi Stitched Lehenga Choli/colors option/Screenshot 2025-02-10 214725.png,,,
224,WEWL1,pink black,product/women/ethnic wear/lahenga/Solid Semi Stitched Lehenga Choli/colors option/pink/Screenshot 2025-02-10 214905.png,,,
225,WEWL1,rama pink dark blue,product/women/ethnic wear/lahenga/Solid Semi Stitched Lehenga Choli/colors option/rama/Screenshot 2025-02-10 214918.png,,,
226,WEWL2,violet vine maroon,product/women/ethnic wear/lahenga/Velvet Embroidered Semi Stitched Lehenga Choli for Women/colors option/main.webp,,,
227,WEWL2,violet vine maroon,product/women/ethnic wear/lahenga/Velvet Embroidered Semi Stitched Lehenga Choli for Women/colors option/isvtm_512.webp,,,
228,WEWL2,violet vine maroon,product/women/ethnic wear/lahenga/Velvet Embroidered Semi Stitched Lehenga Choli for Women/colors option/lohmi_512.webp,,,
229,WEWL2,violet vine maroon,product/women/ethnic wear/lahenga/Velvet Embroidered Semi Stitched Lehenga Choli for Women/colors option/nfuto_512.webp,,,
230,WEWSB1,blue golden,product/women/ethnic wear/saree/Banarsi/banarasi saree/colors option/blue/ijago_512.webp,,,
231,WEWSB1,blue golden,product/women/ethnic wear/saree/Banarsi/banarasi saree/colors option/blue/8d9df_512.webp,,,
232,WEWSB1,green golden,product/women/ethnic wear/saree/Banarsi/banarasi saree/colors option/green/fufrj_512.webp,,,
233,WEWSB1,green golden,product/women/ethnic wear/saree/Banarsi/banarasi saree/colors option/green/87tcu_512.jpg,,,
234,WEWSB1,green golden,product/women/ethnic wear/saree/Banarsi/banarasi saree/colors option/green/hczfr_512.webp,,,
235,WEWSB1,green golden,product/women/ethnic wear/saree/Banarsi/banarasi saree/colors option/green/yg9rx_512.webp,,,
236,WEWSB1,maroon,product/women/ethnic wear/saree/Banarsi/banarasi saree/colors option/maroon/jccad_512.webp,,,
237,WEWSB1,red,product/women/ethnic wear/saree/Banarsi/banarasi saree/colors option/red/crgin_512.webp,,,
238,WEWSB1,violet vine green,product/women/ethnic wear/saree/Banarsi/banarasi saree/colors option/violet/pbfbt_512.webp,,,
239,WEWS2,violet vine purple,product/women/ethnic wear/saree/satin silk saree with Blouse/colors option/violet/main.webp,,,
240,WEWS2,violet,product/women/ethnic wear/saree/satin silk saree with Blouse/colors option/violet/dlhau_512.webp,,,
241,WEWS2,violet,product/women/ethnic wear/saree/satin silk saree with Blouse/colors option/violet/tluox_512.webp,,,
242,WEWS2,violet,product/women/ethnic wear/saree/satin silk saree with Blouse/colors option/violet/yyvh1_512.webp,,,
243,WEWS2,violet,product/women/ethnic wear/saree/satin silk saree with Blouse/colors option/violet/zspjj_512.webp,,,
244,WEWS2,yellow,product/women/ethnic wear/saree/satin silk saree with Blouse/colors option/yellow/ur0vp_512.webp,,,
245,WEWS2,yellow,product/women/ethnic wear/saree/satin silk saree with Blouse/colors option/yellow/ur0vp_128.webp,,,
246,WEWS2,black,product/women/ethnic wear/saree/satin silk saree with Blouse/colors option/black/zpw38_512.webp,,,
247,WEWS2,grey,product/women/ethnic wear/saree/satin silk saree with Blouse/colors option/grey/zgpxi_512.webp,,,
248,WEWS2,light green,product/women/ethnic wear/saree/satin silk saree with Blouse/colors option/light green/hz5ok_512.webp,,,
249,WEWS2,red,product/women/ethnic wear/saree/satin silk saree with Blouse/colors option/red/wjayx_512.webp,,,
250,WEWS2,sky blue,product/women/ethnic wear/saree/satin silk saree with Blouse/colors option/sky blue/wz9o3_512.webp,,,
251,WEWS1,grey,product/women/ethnic wear/saree/Two-Tone Georgette Saree With Blouse/colors option/grey/xguqx_512.webp,,,
252,WEWS1,grey,product/women/ethnic wear/saree/Two-Tone Georgette Saree With Blouse/colors option/grey/cgvon_512.webp,,,
253,WEWS1,grey,product/women/ethnic wear/saree/Two-Tone Georgette Saree With Blouse/colors option/grey/tonva_512.webp,,,
254,WEWS1,grey,product/women/ethnic wear/saree/Two-Tone Georgette Saree With Blouse/colors option/grey/3cgux_512.webp,,,
255,WEWS1,light dark green,product/women/ethnic wear/saree/Two-Tone Georgette Saree With Blouse/colors option/light green/t6ruy_512.webp,,,
256,WEWS1,pink maroon,product/women/ethnic wear/saree/Two-Tone Georgette Saree With Blouse/colors option/pink/cpagp_512.webp,,,
257,WEWS1,dark light blue,product/women/ethnic wear/saree/Two-Tone Georgette Saree With Blouse/colors option/sky blue/knzfb_512.webp,,,
258,WFW1,black,product/women/footwear/Patent Leather Heel Sandals/colors option/black/ppzvq_512.webp,,,
259,WFW1,black,product/women/footwear/Patent Leather Heel Sandals/colors option/black/5.jpeg,,,
260,WFW1,black,product/women/footwear/Patent Leather Heel Sandals/colors option/black/main.jpeg,,,
261,WFW1,black,product/women/footwear/Patent Leather Heel Sandals/colors option/black/1.jpeg,,,
262,WFW1,peach,product/women/footwear/Patent Leather Heel Sandals/colors option/peach/tggz6_512.webp,,,
263,WFW1,peach,product/women/footwear/Patent Leather Heel Sandals/colors option/peach/8.jpeg,,,
264,WFW1,peach,product/women/footwear/Patent Leather Heel Sandals/colors option/peach/6.jpeg,,,
265,WWWM1,black white,product/women/western wear/Women Floral V-neck Multicolor Dresses/colors option/black/nm3lu_512.webp,,,
266,WWWM1,black white,product/women/western wear/Women Floral V-neck Multicolor Dresses/colors option/black/e8z7w_512.webp,,,
267,WWWM1,black white,product/women/western wear/Women Floral V-neck Multicolor Dresses/colors option/black/vqbyo_512.webp,,,
268,WWWM1,black white,product/women/western wear/Women Floral V-neck Multicolor Dresses/colors option/black/ulcn8_512.webp,,,
269,WWWM1,green white,product/women/western wear/Women Floral V-neck Multicolor Dresses/colors option/green/rpisl_512.webp,,,
270,WWWM1,green white,product/women/western wear/Women Floral V-neck Multicolor Dresses/colors option/green/ivfep_64.webp,,,
271,WWWM1,green white,product/women/western wear/Women Floral V-neck Multicolor Dresses/colors option/green/7damq_64.webp,,,
272,WWWM1,green white,product/women/western wear/Women Floral V-neck Multicolor Dresses/colors option/green/ggn1k_64.webp,,,
273,WWWM1,violet,product/women/western wear/Women Floral V-neck Multicolor Dresses/colors option/violet/omwjh_512.webp,,,
274,WWWM1,violet,product/women/western wear/Women Floral V-neck Multicolor Dresses/colors option/violet/kzhyu_512.webp,,,
275,WWWM1,violet,product/women/western wear/Women Floral V-neck Multicolor Dresses/colors option/violet/d1prm_512.webp,,,
276,WWWM1,violet,product/women/western wear/Women Floral V-neck Multicolor Dresses/colors option/violet/0b96j_512.webp,,,
277,WWWM1,white black,product/women/western wear/Women Floral V-neck Multicolor Dresses/colors option/white/nhjzm_512.webp,,,
278,WWWM1,white black,product/women/western wear/Women Floral V-neck Multicolor Dresses/colors option/white/puhxr_512.webp,,,
279,WWWM1,white black,product/women/western wear/Women Floral V-neck Multicolor Dresses/colors option/white/w0teq_512.webp,,,
280,WWWM1,white black,product/women/western wear/Women Floral V-neck Multicolor Dresses/colors option/white/ycffi_512.webp,,,
281,WWAP1,pink silver white,product/women/women accessories/perfume/Ramsons - U R LOVELY Eau De Parfume/colors option/xqawd_512.webp,,,
282,WWAP1,pink silver white,product/women/women accessories/perfume/Ramsons - U R LOVELY Eau De Parfume/colors option/6vy2l_512.webp,,,
283,WWAP1,pink silver white,product/women/women accessories/perfume/Ramsons - U R LOVELY Eau De Parfume/colors option/wrd77_512.webp,,,
284,WWAP1,pink silver white,product/women/women accessories/perfume/Ramsons - U R LOVELY Eau De Parfume/colors option/y30th_512.webp,,,
285,WWAW1,black pink,product/women/women accessories/watch/Flowered Dial Megnet Watch/colors option/ssr1i_512.webp,,,
286,WWAW1,black pink,product/women/women accessories/watch/Flowered Dial Megnet Watch/colors option/xzw41_512.webp,,,
287,WWAW1,black pink,product/women/women accessories/watch/Flowered Dial Megnet Watch/colors option/jknpb_512.webp,,,
288,WWAW1,black pink,product/women/women accessories/watch/Flowered Dial Megnet Watch/colors option/afdh3_512.webp,,,
